Temperature,Vibration,Pressure,Speed,Maintenance
125.58509219084442,3.6134316626020384,54.44123249107204,1501.0013505138206,1
103.16393608334494,5.2904865538208545,50.75642697547688,1453.7159519159848,0
100.3899297607274,4.315915285132483,51.82507795703193,1512.7712416510178,1
107.42814060198799,6.802273733295778,43.996199549437605,1462.4529950697067,0
87.83400206872896,6.3278151220960925,46.16754013304111,1580.727175252481,0
106.86836479269259,3.486720117555159,43.488762315779596,1623.4476065119284,1
96.84685413130283,5.102296945949833,44.91973477097818,1530.887728828952,1
93.28755226547378,5.000132222745575,48.68221256160363,1517.7220676950353,1
88.22762330250711,3.731103532049648,42.48326359591698,1451.0192867037738,0
106.24935932367704,5.524642295495061,53.05037879270406,1387.3458200030693,1
116.34366827666722,5.0070040242765215,45.05380358228037,1254.6110245935695,1
110.79619148911202,5.691453189807317,57.71538063283109,1519.5697542099167,0
84.2940580943073,6.23966327780939,44.406616844818124,1569.6121734378314,1
100.78796845044555,5.860039979352926,43.0705108630817,1657.5819630774174,1
97.14674267068675,3.6363049556792006,39.930468287850914,1637.069797046217,1
121.49658189357558,7.428697035845924,46.034697217990065,1479.261841864814,1
86.44701006146215,4.844724053024029,49.051772526483354,1402.3931587630702,1
98.26471016035701,4.838308877073202,45.31445364290103,1484.6872044027511,0
95.70660444382088,5.4109682591802235,53.33682772195392,1606.4437831042123,0
96.70900653100784,4.6845323120813465,46.81739339458409,1522.9628549405747,1
90.31605217819175,6.618331728292413,45.44690255071943,1426.9963732067235,1
95.18047914639222,4.5697184848135874,56.177142382445595,1369.9090772021095,1
105.4388503045421,5.77396058825563,45.112266147755754,1546.3901175694036,0
102.63202862843038,3.2983660350216963,49.20425433969613,1514.716446946759,0
96.19826798862736,4.498717992825185,50.98511298294466,1424.9773905527165,0
89.88704064148186,4.2576185150883745,50.64700539854309,1320.6786971252798,0
94.91126451488361,4.2392340145848255,41.512166119809365,1398.1771045881048,0
99.25205658139161,6.201993432403804,47.06275243578521,1429.8021242197274,0
108.93653911253666,4.556409518137366,54.832325892219615,1379.12779876721,0
115.84952100172723,3.428976607219351,41.53274884647721,1357.0381180187353,1
109.99632272624224,5.6032305832251454,52.861597386456786,1367.5851713676104,0
93.48760132789043,5.887628729352778,54.49308994020291,1570.5002072495035,1
105.83161581078117,6.808085845824486,48.70996529248981,1432.8616978664309,1
91.47986703672704,6.170182817034371,47.64296136082222,1634.2534109757398,0
80.73972270047925,6.251139686588721,49.25131551513439,1324.4688361597214,0
95.72171021517464,4.15863256739496,48.256581534520976,1385.2334437498048,1
110.33133782050122,4.808366704716845,56.03096518969823,1668.4078427405504,1
99.30650142071372,4.932054018661968,46.376869509447324,1635.3888340792778,0
91.06707997066401,6.4181113100319385,56.03695021992095,1443.8354053208477,1
99.15962447996748,5.304168265716928,59.30055222343178,1546.1438454249997,0
118.61091976756872,4.517163150944456,47.6261646550338,1482.1674079074598,0
80.64547440796126,6.353376195955484,44.58524009821455,1391.9554319638253,1
119.94201633808653,5.5054336667288055,62.37931197525937,1645.383762713892,0
73.78951595736609,5.457691883221483,57.30899299863404,1604.6399033164678,0
121.72194887206818,5.4173020169401775,45.00469872977741,1520.2900783815642,0
90.60631004080123,3.996414552620341,50.71300844804313,1533.5332931419646,1
92.01813861258962,4.250122875729078,45.47017855180509,1679.1515800887994,0
96.57027081675959,5.252799719712368,52.03584679946581,1553.601667895608,1
105.08463323643747,5.093712627213217,48.58514312872005,1449.323663922001,0
116.30869980350099,6.31118435322724,45.11006971626588,1481.2246012894545,1
112.95510249009122,4.566573362114151,54.26726592856208,1570.7023184122409,1
97.36644949105124,5.8156606675503735,51.89409777997027,1425.943826885626,1
90.96744412864228,5.2138167668943325,48.677137318211635,1708.5427262557496,1
103.46808863785823,5.0898182142950885,47.12558960760159,1594.0335522980683,1
103.29692392777739,3.47070654135187,46.05920514112998,1567.7054441216226,1
94.13602508518554,6.3645028725680035,51.02197976270647,1573.4682956108782,0
108.452885143209,6.503434573785289,44.627419860246206,1499.4715439580802,0
103.16511255506967,4.6493872911951195,57.31094466006462,1545.830718221108,0
76.26296235443056,3.263396199398162,42.299751289767556,1570.2634532496943,0
96.90441875447542,4.918196491719977,41.694468248641556,1409.3765243060877,0
99.03904630253774,5.58231525979276,40.945231026430875,1369.7546210336996,0
104.43276903692917,6.120391733341449,49.72409045039693,1252.0040935438478,0
95.10452683853345,4.95651947418434,43.33801458542476,1589.6782569321103,0
95.11386616869602,5.736336330358589,51.43849357547336,1382.406385455395,1
90.94873961593885,4.718113094693373,56.75387316631146,1619.6704533679879,1
117.11318890880838,5.059691403809029,51.359507461105814,1460.866048215359,1
89.46398975460652,5.09992497772647,51.53577148358879,1384.278352012047,1
110.73834628321396,4.145432203802292,49.25270076091879,1507.2558766694806,0
120.01410478532891,4.928039246010612,48.85694970194128,1469.4477267744949,1
95.92132265727733,5.982527889507302,51.826746379329094,1549.560816120463,0
96.94333271556977,5.821386307086298,47.34801552039835,1488.5498411169242,1
110.25631755879763,3.6356367890320995,47.83484692700984,1525.9658742455106,0
99.87885538343694,3.805019337184539,42.97844162461378,1580.177991504254,1
110.58135619522373,4.936093885180732,42.57321158406452,1294.703516715958,0
85.96462933009556,5.379188230891784,47.24190984648476,1458.7219710207387,0
89.4810377905274,3.9409555665367852,43.74817319979776,1456.9822863195297,0
104.17300930599603,4.414477518456258,56.69544598945399,1433.187697871825,1
96.77235634455874,4.969815615534248,55.49528006302202,1660.412405841556,1
111.3698199375761,5.276062017822364,45.26815774586463,1418.37193066992,0
117.90318455218276,5.637732111662893,43.8524162667888,1462.2666574902632,1
92.82200091195,4.264359199906094,53.66022957852313,1451.079130910815,1
105.16389182256252,4.627876813998618,40.820389247137946,1354.0836071907013,0
99.73977309837683,5.2246907157613505,39.17164078639192,1506.7845412624454,0
94.91413473466626,5.113168167597338,49.131008036976134,1422.6784436946332,0
104.69729752763493,5.125610637548026,52.419647126303865,1502.6827405766403,0
71.32877775402217,2.6628654741524853,49.72464186823748,1459.7276799599165,0
125.84331957253869,5.351691821232449,54.56176638644468,1593.5516232116993,1
91.29737558891836,5.510534341141678,51.462344678257026,1532.6651011323293,0
91.364562286758,4.878874898182676,49.743768868242796,1358.243933866364,0
92.08484606422124,4.848026764824152,41.13926348477219,1290.3567791552632,1
103.34693201726107,5.164861503795782,45.916985841885676,1383.9674593343568,1
106.95463849687295,4.448961602860851,52.368734173637776,1505.4028526867446,1
101.74054851008725,5.248667891674302,63.03235105389072,1546.8642781792414,0
87.44436404946383,6.435385779553961,47.1998621619958,1427.2432052701356,1
93.86047722661714,2.818166710817888,49.23018679380336,1370.524494402798,0
96.61589239130721,3.9345404018839467,56.00929089571285,1552.2423859147204,0
117.07321495637535,5.137322875558798,49.410250805242306,1393.4882713940315,1
86.30428572617751,5.196439111443938,46.071157584688684,1589.0001587657418,1
100.62720977133343,5.309953570399134,52.112946099257144,1691.5038690158663,0
106.4227189445282,5.093762590417759,49.562931165131566,1508.0844110797368,0
98.1351358935789,3.2250175512510886,53.68436226345932,1598.645342250132,1
91.10804708851393,1.9687946040019946,56.802886588967326,1356.5847412731534,0
109.33677236551146,4.467814051929383,54.90127368541685,1435.3207795797261,0
118.35193414363778,4.526827940175141,50.68147429532018,1542.050559128947,0
98.66050171830436,5.287351909759753,49.843764237434236,1226.5131392511757,1
110.84933851806902,5.254067846193308,43.06840811088018,1459.5439757937916,1
130.79666365020682,4.612730602126061,50.71267753743492,1413.9840768507609,1
101.81592938266459,3.452895166720438,50.84039640539063,1688.4187404012284,0
96.5032869660108,5.960710068970616,52.012942108290375,1527.253175019105,1
95.63163972402127,7.125252149192227,48.295580384907566,1466.3724129422685,1
82.20448754097465,3.0601386011008813,57.757141683911826,1523.1893306502004,1
88.12512452531269,4.919570827945887,51.347582748343605,1446.645954364605,1
108.49556285599047,6.665280584175692,50.263726977730066,1696.3748363171376,0
99.59224264020192,5.168201244647982,45.4922747046909,1403.0701170605466,1
102.19333827070653,4.2049517926426745,39.59985849296059,1589.273456561042,0
100.66196407608098,3.75234475802645,49.660844956606894,1500.0610501092306,0
100.55925774408682,5.6644402860821526,54.51789815602757,1527.0736931233173,0
118.72840685538844,4.877704461924124,40.87822602541175,1555.7317446181964,0
99.56859070153679,3.2876142359737504,51.50705565676826,1364.7182477512788,1
89.89780001724114,4.982270231997474,51.993598789441926,1351.555389076635,0
101.8832416810229,5.6378276555144,51.60873564750546,1563.9892751212296,0
94.77464875920766,6.928731378823983,44.53755158612979,1455.1830473430807,0
108.45964163418651,5.95497889733804,56.83588135063201,1373.6016955367973,1
108.02032433984405,4.110929505152273,55.933301172857306,1619.3400625507254,0
102.40244364909802,5.91863418144208,49.57042135406501,1533.740570024472,1
103.51750861657185,5.704482055886446,47.11813402909491,1587.2710607668932,0
89.02838795751802,4.4790922453106665,46.476565251330584,1322.6403686854273,0
99.03018524635853,5.168805715823488,48.37360158115038,1585.6853040616932,1
99.75548459235553,5.31760208559879,57.11209092192315,1480.0398476731132,1
88.71645319034965,4.128263644534465,54.3442559056262,1772.489014926636,1
100.56328005729225,5.89847298923044,50.00854756536982,1630.4630706725623,0
101.85024450225725,5.74785964687182,40.20425611797219,1435.426336339499,0
90.79461973493737,5.507280757108099,52.07364682692999,1500.3446552046062,0
113.09055570792712,4.75144609819281,43.43355561363714,1464.0128810959686,0
87.67533709618536,3.9443020807769265,52.944530782284275,1480.5916701884908,1
110.25751165638111,5.07279351219279,42.32094455044371,1514.654119579368,0
107.40750149939478,5.149537993412182,53.64472529426796,1554.5913773349375,1
97.15027242283561,6.144535883076827,47.64469685438256,1295.8535168053825,0
117.77379749859178,3.45079054922006,49.5981809511168,1317.5952932825999,0
99.71382812820922,5.0988530632333156,49.91298729107373,1641.8348195947474,0
108.48427557484476,4.167070967344523,44.31532773858007,1475.0400681472097,0
110.18607360064205,4.3279677133586025,49.11769388570371,1514.2942815135732,0
113.68296671465562,2.972258673250978,60.85004081671248,1489.078405436754,0
101.43642386787319,5.022496915493959,48.508390565014196,1493.342025936084,0
120.87374834828833,4.15291804126184,50.020879076089855,1470.6195642490948,0
80.13518770265622,5.500536787763499,55.03725963597102,1580.657334843013,1
109.47353619103991,6.139687333039285,47.11848891042514,1488.094539865114,0
119.33897915681665,6.47710507376595,40.59375408042463,1554.2221006621212,1
98.98430212586358,5.159151819523162,48.742383421422026,1715.5168851689966,1
96.25678622559526,4.958347155320249,42.26454943716985,1540.9682772246836,1
124.29524990669063,5.71125677007398,52.818169815566606,1517.05397642389,0
98.68993942795638,4.843772474497567,48.34780088307207,1447.8043459895011,0
96.01060189157982,4.278897113912034,43.94019636093375,1407.6567695930216,0
96.99455569655868,5.800839614054834,45.965092169580906,1465.3737823732913,0
83.93436797958348,5.391189309956968,47.348438277874955,1453.7979653488394,0
100.54781613950361,5.017544067136409,51.14863515422621,1701.3182113085331,0
100.76167164089865,4.101438093316505,56.22255240707254,1458.055575745943,0
93.46788078067053,4.354770642166033,43.7005990805642,1571.4777028397891,1
115.89600631733552,5.749342317092468,53.71254677082367,1566.7796767743669,0
94.62193063094611,5.437836299254263,52.94344727183733,1554.8975693291557,0
108.4369957924789,4.958973559535969,46.329754046887814,1434.3314714942026,0
104.12914269193492,4.962891477693228,61.78472153544186,1405.5403069521878,0
127.19786627387641,3.5500430887603356,52.44153304604977,1572.3027211789895,1
99.50820896026332,4.757945214455532,47.96897540144663,1408.7709491900464,0
110.82935652107295,5.2792662640965435,52.816590736918705,1382.1941174639094,1
106.76632353039756,6.708573412103224,55.83657157656463,1594.4653145369887,0
94.37030926939157,6.375724902718589,44.86042316924127,1376.7059203700599,0
104.16391862110522,6.3565332477890095,50.6489769001637,1465.0005722911908,1
104.86414988264825,5.35177267697432,51.03474664265329,1453.9139845256627,0
104.46618953946727,6.8502960854761055,40.40290129886873,1548.0347126147433,1
116.15757909857396,3.9528871443387037,52.77134414544088,1506.3364582255156,1
123.79643721259708,4.876780220643146,48.940880138749066,1593.1458849699827,1
104.37220319145904,3.1987288051529066,49.7058018591262,1419.1636742437706,1
118.1973353111734,5.9937356246849935,45.22946075976379,1518.1990305931793,0
128.20675697861034,4.646902901240022,44.62217279347803,1484.2649421669319,0
109.51577944182014,5.069950838211319,46.53643987340356,1493.2287902515998,1
112.3669671765022,4.418592533606864,39.97169536595315,1704.9374563167516,0
102.72736826294951,3.476705135384467,48.50932113578931,1613.5156672635014,0
102.71605059948095,5.0738661380443935,54.974792821956726,1364.5322399679078,0
93.00955047548128,5.737548017240548,51.78601642502342,1546.2524137466717,0
107.65903017083937,4.6205141936535945,51.15523669634327,1510.5433043835728,1
96.73478547006526,5.2030588747846735,46.32003278383946,1440.637913480591,0
99.16720659432306,6.06505091392817,41.679214129797664,1339.015752702658,0
97.37408382512864,7.274169827402531,47.561432080281016,1546.738307042086,0
95.11353622978568,4.912953669199088,52.79429298804717,1449.9846945668553,1
99.19120988994165,4.44834118495136,58.06616252294792,1381.3463190806665,0
93.1068604865239,6.632433668801494,46.17341225683546,1413.4998539682467,0
99.46211552485022,5.403178830076148,59.90029616880971,1587.3655125097885,1
80.28122448049103,6.28952096148871,46.7206759061762,1635.4193557371325,0
103.88818709009962,3.9319670973191085,46.43715576090898,1519.39028897938,0
97.55375433166566,4.793205604819684,53.97927825480894,1461.553705573139,1
105.07685389268876,5.373119742234491,51.64018986890855,1536.6478457864519,1
112.98754834946283,4.320164460982225,56.26099172702552,1511.5137447334012,1
115.15054866913496,5.28653494681409,46.88939426256866,1656.9396925637743,0
101.02934194259448,5.302252408033092,47.07133861181711,1486.260364980527,1
106.54915686787064,3.542454718191822,56.21545682542405,1568.1855721551715,0
94.92955572865226,5.60746469405319,46.78417275750496,1535.8184881662464,0
106.2549348566331,4.463928734692394,31.593491233913674,1568.8201662294769,0
84.82586534439405,6.564150991904307,43.55534539968905,1469.8814892324108,1
86.2252658456565,6.095946797103751,48.95652503307143,1547.7639722995518,1
92.45699661397177,5.14327187543821,42.59069802512627,1577.93836701082,0
83.03432609800869,6.037779280335238,46.57541417031359,1679.0867000041358,0
92.87894450766491,5.818514483780641,45.08306209572767,1750.674851996603,0
100.23514836386755,5.541297455548144,52.79763795224753,1444.86967318957,1
101.79237222982775,3.6878803986296544,50.02874997826891,1297.2205368922218,0
124.12268138394812,5.097252532654632,46.22736658354064,1502.7021899129968,0
101.27211422922694,5.34962444403131,44.16307778594623,1323.2305785122417,1
102.70117028827521,4.4616969864158,44.45021433794483,1442.917497824946,1
113.24652594532488,4.848492681464486,50.75561853055809,1449.0302464903725,0
110.81408426945464,4.54389035282575,52.53453820468026,1448.979459081614,1
104.31524961316046,4.617296893413087,51.220415105296794,1494.4962168759484,1
92.93088214434074,7.478522382099938,54.525937863045776,1416.0613242575032,0
103.28604118040349,5.8629508770205945,50.305286348159875,1571.488824032857,1
85.8895441568942,5.169134166206898,52.090234737681754,1533.0910986419055,0
89.94218123207119,5.973322431167583,51.11176795907636,1630.2956948016722,1
110.81842309506641,7.21329552125042,58.457088690162976,1555.6736093287627,1
91.76147424260964,5.124533193393115,54.898604303416384,1541.4924903812698,0
98.09923359640133,6.266986011186006,51.0309048488222,1465.5970285714413,0
99.03802320346844,3.8978984214952392,50.01602317038698,1496.008727260254,0
96.30021902883053,5.435449625958156,45.88132886971134,1502.3668629504853,1
105.28726712754664,4.636205430718434,51.58642227563659,1437.2657067886776,0
108.90132871839498,4.805673635001828,44.13608483091339,1559.9189593958322,0
101.51446268408218,5.165885824075712,43.11449536790616,1579.490903399573,1
101.23208064495046,5.302073029524867,47.9824627378527,1477.4964851082773,1
107.84194416187404,3.7845240817449657,51.79607206169945,1426.3237710415297,1
93.47160046164355,5.530841005934381,55.22588198663582,1536.8466355797827,1
113.03406984499816,4.21975613820219,51.45647882196596,1231.8811762885814,1
92.22196751789525,5.992736264365669,44.65989217308946,1596.305146718309,1
109.67400852041884,4.397290223573806,52.047410426593174,1574.8904796564645,0
85.75811835290713,5.511995594733329,51.78028881547571,1382.3385352760808,0
92.97761289341561,3.863706355010452,58.1732789607897,1561.546204861077,0
106.69174031567898,4.541400306221447,60.15640047790282,1523.172333902736,1
88.15184345187136,5.063618982802997,48.53058331013553,1528.0820520013026,1
113.27327957125216,5.509779943335294,55.71898917302603,1405.398970706812,1
91.99447449799473,4.749667378241741,50.07189639711035,1598.3497647718893,0
91.02623027059676,5.21129414057779,43.82001332910694,1436.1083161245867,0
99.69490899248231,5.728744297818186,45.70074598701523,1482.0047079224066,0
97.28092691391363,6.175256103416757,52.232915975240864,1486.063406207357,0
106.50181114691884,4.631129859710488,58.88271144501304,1302.906496557177,0
111.72816124205784,4.786594196535115,42.71570713503942,1563.7269052145282,0
98.67332474315003,3.9757774619851833,58.09061497396196,1467.2748751602376,1
107.46438126119534,2.7368551735885878,47.84229962870372,1351.1509476414499,0
102.31495421830215,2.8821004391532408,54.951235026021024,1633.004416635534,0
87.60502035393759,4.410664005339703,54.424753695780744,1432.962201390337,1
99.81954380664277,3.096101900339904,47.18168408063027,1498.8548127207298,1
101.73063468129456,5.359370361668386,45.614704854202664,1624.8850548259659,1
113.45430362146085,4.706365500006498,55.63243378101497,1557.569319857015,0
108.34229737762126,6.092962412015073,47.41457819579959,1691.795703401604,0
100.54300041634951,7.42020913768344,44.191945225166464,1484.3350391015376,1
95.24867381440838,3.7257720027162566,44.89043226687158,1604.678531322247,1
100.89883883008721,4.496002662271997,42.37636699187498,1518.1203871823102,0
106.70680945444035,4.380584767675986,52.16954372070597,1332.6061372706936,0
111.42002144689476,4.29828167255603,55.2222649695219,1388.4599456929488,1
108.28509756409719,5.127181760117824,58.79400915584388,1540.093807886447,0
86.62218016812477,4.029806118233854,48.28378177403719,1448.5145666240742,0
97.72979586647256,3.0343458212116112,55.975380294913435,1523.877123780298,0
113.50549212023935,5.349442814082732,46.32304012238713,1406.5414133331788,1
116.04865689552406,4.773127410758484,51.68977254598882,1412.39803777714,1
77.62134674974298,3.8784711718004816,56.996882336107355,1450.8720825064197,0
102.71189181899352,5.696348031088494,48.01925688398945,1605.9779560753952,1
83.46013864434563,6.301380404149891,51.85078379142948,1496.868196751232,0
106.42343962634186,4.145881248139984,49.93249991645637,1488.7263494692024,1
95.41353687619133,5.5019695379671605,45.26400502549888,1542.9035707326977,1
90.16121871320377,4.353314265770136,56.63550080980095,1424.0131045873486,1
101.15134411169566,5.758433944411798,48.353288531574385,1634.7249700125344,1
99.267911534914,4.582222521875199,56.12795521732562,1591.4630139237215,1
97.88942560382408,5.852624217444723,55.97252256905982,1463.9331490879274,0
94.14338727133514,6.691360350434994,54.73111843196058,1540.867545844841,0
109.94091245615515,6.204364707924421,54.44660680941828,1537.0328291057763,0
116.3284122160741,3.4189704207750617,50.43867925423619,1525.0538008596488,1
106.29063277736792,2.780225058893307,54.6558910007642,1425.6248107394163,0
92.79714390437834,3.8736700125278167,51.94972617892907,1506.1761916019486,1
103.49564918307853,5.713867885339097,60.304088854110546,1663.8095876732657,1
113.95183722958375,6.5847018587080175,46.10991148303361,1355.953294510454,0
93.01677717093435,3.4350197472762343,53.54792986173433,1409.5147670248887,1
78.89566234680689,4.091975135225432,53.97194035398894,1422.9165019926274,1
97.12051254770456,5.06871914613458,54.20745907682754,1577.7221144140315,0
91.28011323173229,6.469455572668094,42.89466075171832,1494.5484106540894,1
96.70567562843526,5.367483044796754,47.16041356194453,1448.654676816076,1
104.69142834702632,4.468544129403747,51.403591796519,1343.7635141013632,0
93.89370147430296,5.986777437434063,43.42025342563768,1550.8071563116143,0
98.0913410452914,6.084659882066449,50.49158926664857,1482.8522135240669,1
117.74933793114326,5.327671413408524,47.5948189966938,1522.660707910988,1
106.89477079387788,3.7708719480267368,39.50740881555305,1202.662244557445,0
110.59162605541559,3.6056125124308833,53.84195429123574,1581.172622124216,1
81.96896891341166,5.693827160728096,44.16702169805725,1478.8446839738397,1
85.12646124100392,5.535571207491581,49.6758272748005,1443.6022572044726,1
105.46867135531966,2.9795076033722214,51.322157957633586,1565.919047897432,0
113.42089250563632,5.8907392078686405,47.927522530695796,1436.0130228498952,1
97.48123248267768,5.58981117825249,46.258554195398325,1219.2011209608863,1
114.03069965470425,2.5561079062331147,47.07094541687576,1629.344507130908,0
108.13383909841963,3.8351065375424893,51.52093497238175,1657.9364598581983,0
113.00244816166183,5.784844462610458,48.06690330972935,1294.6423422452096,1
102.59849293675838,4.740764288926087,44.77788732978884,1467.2544237570683,1
111.54845583156732,5.431837176181157,52.5037686372893,1448.5096348980485,0
97.14464148122175,5.313993817753447,48.81219506519234,1535.979511386082,0
99.6083488033948,4.738877713124546,54.32216281134885,1432.3618185015025,1
110.36309374387713,5.082432158940797,50.96885964878741,1289.8638431542547,1
84.93984336051012,3.1959103298480644,54.84031309378896,1557.7658151820349,0
85.45642367947055,5.42444898911319,47.92202690206283,1717.4058808580385,1
102.89251719235232,6.9910677682538065,41.85824948201496,1580.2368541016208,0
100.75317954697702,5.949696073334795,41.44695611514126,1589.4530828815357,1
99.49343140194041,5.7472848411070565,45.109084512119814,1431.0785390757926,0
94.33299276842703,4.464301112878001,53.92199567966431,1348.0054876236993,1
88.22371667368317,6.02674302567208,38.53206474624746,1478.437167357575,1
103.48648446986417,4.8104735083901105,42.771390676827096,1481.2092985294637,0
117.06493780247376,5.357555456017515,56.599883938630484,1687.5217526301874,0
109.76632803686401,5.749099384892171,43.63123624485355,1572.6670285067325,1
83.88948891737517,4.773861454156485,41.493731986208516,1497.3650104137203,0
90.33208643256108,4.526511364526291,46.1810875420408,1607.2745116849244,1
120.40051937783295,5.04014405812181,48.411031397153586,1601.3033231598833,0
83.30771858739911,5.83135038197143,45.13745317276992,1561.0895497736435,1
97.16630440215039,4.294757768526723,46.208953983236974,1515.2711394947653,0
104.37078890127106,5.351906840282829,43.3168852485158,1206.0953201396583,0
121.55354509670406,4.5552772000880895,51.44012370309103,1423.8748387507142,0
91.9418377909287,6.88974217351058,49.418556665369216,1471.0733161366338,0
99.70038650101037,6.198392271902116,46.80795584203621,1360.5090658209303,1
109.25438550929893,5.761429862466635,46.1403873896085,1443.9260366363214,1
104.07505598001235,4.122493974879449,48.05871907772027,1521.764763034721,0
103.66898699834387,4.444578256341014,53.88496601808795,1350.8510366526327,0
121.54642396235519,5.927998058215847,53.596594742919415,1413.12583208554,1
103.67043363422077,3.9967294896617664,51.22144642016301,1449.3070376692622,1
102.95328693665618,3.7891075757680586,47.42850982434703,1393.4233544243862,1
106.02906129985033,5.387718931259978,54.01679856274843,1588.618633158321,1
100.64997888975863,5.169833814535295,52.68443896338068,1385.978810516069,1
90.78327268040556,5.200007349961645,49.86240460077471,1599.473239926994,1
98.35351753640786,5.034573533210255,53.03140708273341,1649.4718000375226,1
88.60824831351256,5.6197310321786595,47.942925569417476,1348.3634135017078,0
101.13292967145446,5.463024555779683,53.245495837268535,1662.374793113664,0
112.77371693034975,4.175590553401982,52.55191614670904,1546.309047378905,0
102.82300185877436,7.863494798292825,52.683581393890805,1422.749607751585,1
86.4938680591704,4.776828642168434,49.9991970674829,1561.6811882508898,0
102.17584403110476,3.3495721467850537,58.9620717734196,1649.5112360140974,0
89.5144962566711,4.750611640058623,60.683419932723666,1547.764187606915,1
110.63751985736516,5.102679173254097,59.26140406747058,1569.4467409789704,1
101.1194899344889,4.6556573853026135,54.772083853590104,1548.4368127426837,1
95.42074457670192,5.129411612838963,47.05329656832353,1578.7700429291324,1
110.61718458648977,6.614782603511224,46.62144973306733,1466.43158052069,0
92.96737158188415,4.429244715465838,53.8903246069714,1589.7384819561594,0
94.65237193685218,4.829419917150554,50.54793924711367,1415.0150487252695,1
113.22535759333928,6.678124774271183,46.91324738338359,1486.640027061689,1
118.81772831215535,5.083744843295403,43.98595299224311,1556.902331632654,0
82.58083906286996,5.40180744303519,50.35248047844841,1477.7834243312636,1
99.28396854490418,5.082257748775173,51.46262944525053,1452.8448069166836,0
110.68557976049703,6.212294237108475,53.14523696585671,1427.8406890466842,0
101.49882031697472,4.1197902403148845,51.717257352945126,1546.7613240158032,0
93.19073959427051,4.853240708745738,50.94160362026066,1711.5489618895476,1
102.49986946388731,4.635160638080703,51.041627469625105,1543.3872602953088,1
88.2241878237559,5.164012081999687,60.38291155418143,1556.2399687102688,0
100.84830248973145,4.7487299565383765,45.78027357593293,1522.1643574582115,0
89.87195348512627,4.272354819962674,54.525108460357224,1470.5579937696396,0
102.32133283834322,5.058728278535377,52.941136875625574,1507.1792276219837,0
100.2187028024392,6.127312826816531,46.12774740175824,1503.475944978589,1
106.37897687280092,5.682240979707897,50.88917860553606,1455.2611539324744,1
119.34342873498713,4.400071452362101,49.13390714334548,1629.3903068683026,0
97.99337625734789,4.737035824574155,56.955274039953835,1318.916469475763,1
93.73666041102823,4.743509212283746,53.08462394364337,1559.7788945666327,0
101.62832349141681,5.058452583581854,45.78456800554268,1438.8200503602734,1
106.5806242320877,4.480862323424155,49.43295296588963,1490.5247025824701,0
89.33876327308182,6.2313307289427025,45.729151048629724,1641.9430986379066,1
85.95885814262543,5.014038305007775,52.503620422298,1431.549426430762,1
94.49548119323637,2.9751535225404697,52.12999159578429,1403.597974230085,0
101.16195619610552,3.9736411136705043,45.68512286331777,1635.4458222546903,0
84.91341426719926,4.447536673963974,51.969954917248955,1601.454287943248,0
103.86712485054477,4.511667257716314,53.46221094568445,1468.2484700346888,0
96.06810303760986,4.770815331663673,49.93584320659312,1616.7459572659293,0
114.35302296506568,6.232955524596862,53.15243202051493,1477.4221650717166,0
100.19294462570562,4.775746597338469,53.99193550295642,1306.358458877286,0
98.11899179122256,3.2360996888542752,55.648121065830324,1570.7597726313613,1
117.73025573009443,4.134330356519472,40.84778048850299,1578.5697109458224,0
89.28379533414937,5.207945059426277,49.505294635987326,1283.0672786872387,1
101.62177963820572,5.901803904444514,46.74468109057269,1608.2958701485059,0
98.83713426258585,6.370728449386206,48.720810241358116,1501.4369821388264,0
89.19434872148514,6.335608398371874,53.94324229276269,1547.4456781702263,1
86.79499189507973,4.866893994826506,49.11813669530717,1753.4212915772846,1
91.66621385940965,6.537374125902837,50.589735230420345,1427.0999885304109,0
70.08650618539953,7.29179528177346,50.719648793913734,1469.6028464462745,0
108.24167804057934,6.439302377648126,48.240355177237866,1413.381384039286,0
105.2619983015529,5.222191173788224,46.55194631479236,1506.2512717726836,0
104.11515415915757,5.009285333424832,47.354117549893544,1451.9341987587995,0
91.01134111952068,3.7640552917607097,49.02894158235272,1353.6043936950905,1
97.76886786231354,4.443314393283448,57.08522038285214,1385.2164925629024,0
112.93037277578395,6.333252904477378,51.94976693405752,1702.835292443237,0
104.1809743943773,6.098804495652365,53.44112235110008,1678.4643435542484,1
99.36509748061427,5.2849068134173605,61.13289365506226,1416.7708441013692,1
92.75237245980904,2.5187972873714326,53.43225294077598,1494.1840176932853,0
117.59402668080153,4.573157862768309,45.18165238478319,1565.6221524399973,0
102.10006831346749,4.555886270135526,59.162488988869754,1451.3409281122435,1
110.60076688379012,4.0639433455663685,48.557761957905456,1641.9640475892445,1
90.48655898740834,5.570656518037003,53.36486177174189,1485.574445706465,1
98.15866068624359,5.332515980487144,48.298187289101406,1396.2009098799294,1
120.4295492328151,3.630529525019332,51.49460354078793,1481.1479924279968,0
87.3309888008247,4.86725311494364,54.839137697702554,1504.016065995584,0
90.83395606250554,4.880520599254236,52.52415170674537,1475.6528873321113,1
114.85149326705745,5.445031807936503,49.39057086265646,1584.7325680658744,0
98.80896158888045,5.463134366991856,38.379778026531994,1673.790844054472,1
104.42583590062111,5.129877953056207,44.91153494604315,1385.3559650599627,0
98.22336412509573,6.251168691549182,55.05735221768011,1490.2224209900396,0
109.44591781104182,5.738310170693531,50.314920499344176,1412.9153649358236,0
101.40217617484677,4.258376207350053,45.63590950007576,1370.7711854153679,0
101.06040285714326,5.8019786997569645,47.777703183886175,1579.495371811812,0
78.54374110918513,5.167460780924387,44.6296294259863,1499.6734521979758,0
107.95087028755438,4.541063689664698,46.7717018938396,1580.8889249960782,0
92.60704848652432,3.582491189301023,52.948157396972434,1537.3728464926483,0
90.76312781229153,5.643822610678772,41.68079046495324,1606.8564326254868,0
107.27644277169598,4.775266490880987,43.42535600707742,1348.4155783215574,1
88.52424825056067,6.196844885102559,55.217641594383366,1534.3994127861959,0
102.98652972405984,4.5193906587566754,59.89296008860984,1519.189795913934,1
102.7950346992747,4.36858112753597,46.51361395202403,1468.7646948880551,0
100.98947462866668,1.2702914438532362,44.608304154061344,1692.1683380035133,1
118.08468564867162,4.826431595905978,48.86910132348592,1305.641166056382,0
87.81469088491745,5.465900607087417,50.86926694772827,1426.1394127473648,1
100.83648474278496,3.764791518203253,54.1767237059679,1506.8641420647768,0
97.62790837723834,4.216875640476621,56.078687784383774,1422.6291227244972,1
110.39330150959593,4.921516892220048,51.17664179001932,1486.3788761584294,0
87.9977613699083,4.4096821710846354,53.23603313051422,1569.9027903222793,1
109.99502875993306,4.121103344741544,50.597080424695456,1329.3185873130988,0
104.33877445976344,5.4025142873538465,50.452460648808696,1493.2850914429064,1
96.93965674864815,5.82424670387764,51.81198326927157,1411.6019617782215,0
90.27103823718714,5.574375517793877,55.70227693210615,1366.4816060817757,0
92.78301721597212,4.201451819823111,55.95609713960205,1418.2971678714546,0
98.19375532395603,5.116502306327301,45.34027943398805,1466.2883867650876,0
93.14633303944296,3.1392619930730876,50.82299497412454,1554.03116375367,1
97.65169197352091,4.969304370663635,52.00256343074568,1594.2964399435584,0
80.8529112979455,3.6373775281576246,39.13044184141812,1610.853131517278,1
98.87542679903302,5.666480547518264,47.31494474127143,1614.537011677082,1
100.02700107763154,4.877622864672655,54.25238874748622,1411.3345097718416,0
102.90171908205312,5.7587375038989235,46.27767267597616,1627.6450529353092,0
94.55459397172632,5.303257788940341,50.02999454586604,1273.0054226649975,1
99.79687567498455,6.493519563282804,52.55190136748273,1550.0357729544148,0
87.30826653618308,6.715698181573275,54.004711593024275,1609.6842561768058,1
109.9266282722071,6.167753858374266,50.01067059495494,1496.507857867561,1
92.32764965646898,4.157874603159023,56.07520521703093,1727.2831374750663,0
102.66121403443945,5.904249273622252,56.348142235404524,1380.6001243485903,0
98.95882156677611,4.721264143221607,55.28785871056644,1669.378267914885,0
108.61848714758396,5.242523257516575,52.71314792279846,1574.5546040569534,1
110.89844559708527,5.092730319279009,54.23152946386196,1374.028628761007,1
116.27244046712293,6.324645588356247,48.418936400490864,1397.5723840477272,1
82.44304459337015,5.215593763803617,51.74670764137601,1559.715139880821,0
98.92944715322683,3.9792945995298137,50.312448662924076,1471.1565698486002,1
93.3024034175856,7.201473985603823,43.186895636294636,1498.830599048798,1
109.37113207863538,4.079377008702257,47.46495846988196,1411.3421620227687,0
93.85734857706896,3.8714122438137935,50.21449403035476,1453.5582975029022,0
102.14625641013224,4.113030289768047,44.62579898972827,1531.7096688668362,1
92.12409812025203,6.168896721908162,39.84233887152964,1726.2655053365297,0
116.37077769535746,5.456083524656737,41.35834732559266,1575.1307732055502,0
106.09320028756143,4.277472159379437,46.20067205651378,1548.0725597765393,1
85.79287589557151,4.6702266362035,49.144448116015774,1475.3934769346452,0
84.93415944990298,4.857067417596576,45.98110745168488,1466.389913287011,0
108.8391208873519,1.8067858908576326,52.37813620766372,1417.1577425438472,0
109.08479689781336,5.952789647531276,49.12898997933484,1559.1041963088396,1
115.31588168034479,5.7199849023935005,49.53889099417822,1598.3343944059952,1
94.35828313420404,5.400070412779872,57.76261512974826,1546.2040978615973,0
121.89757539701941,3.543917288880614,41.53862945247555,1556.9550118799725,0
99.47703678701615,6.075929393097006,57.46641862218262,1309.810753059639,1
83.67741941948714,4.267691448485144,47.042348169198725,1572.8990899206947,1
98.66503002415104,5.038100215026378,55.9621373818024,1181.282606657267,0
95.64894719707598,2.958154055069663,48.323509443014785,1540.1389732146786,0
94.65316975546033,7.192826940769034,50.724460831365576,1674.4789075331817,1
85.27575492550076,4.659150416435003,45.38113915890706,1464.3707502754492,1
107.73261709039159,4.385790392365383,52.762785214050425,1590.2196772902166,0
118.02292180118505,4.082296100844413,47.204437937538174,1644.7240069152986,0
94.2162748490806,4.025288661649476,56.23567198461741,1491.6097667537176,0
98.43034568650387,4.635202777649318,46.49691675106243,1438.7584000824659,1
95.37837355011278,3.054020203154556,41.025795745003876,1500.5346805199981,1
97.96102668143028,3.557539746582978,50.91967167529672,1578.0597249885684,0
115.54412459487745,5.462222231637192,55.90925654787472,1599.881400493235,1
101.32714820643251,4.00811724936616,61.87481512049894,1497.6992087802928,0
91.80984241238616,5.172725263981535,48.522135447574094,1354.8732480183123,1
76.51265628973556,6.061723493370912,40.47946101788304,1302.3166153425022,0
111.7133536248665,4.263305216783645,47.52262329223352,1582.4645218788703,0
92.43548620562495,4.439463079246721,47.96110232735567,1520.409388556311,0
98.8459452540204,3.647525341253326,51.4001454886231,1653.0765584353426,0
113.67322418120919,3.8280693631207887,60.58506166559248,1452.7058395530012,0
103.23874690768379,1.9187121124730129,57.403182419276476,1577.5459498163982,1
108.21234179865147,4.256497606397092,52.6040595992901,1712.9335322375603,0
74.16662112995789,6.148890191465347,41.85915288045633,1546.3884776345574,0
77.3361560378737,3.4581270950923897,45.46686741197878,1502.4932865431267,0
112.4263887678704,5.15929038450112,55.245666769683375,1600.6871356019312,1
98.6840187896224,4.508887730846718,53.33683329661456,1494.0112569820126,1
112.19077194303922,5.335972182705085,51.08401543618431,1607.4746818933168,1
86.48321973337302,5.636244327959172,45.86612053129742,1290.9415699674882,0
91.83350717129754,6.388417413278136,51.447447627939354,1629.5235104153967,0
115.23885526657291,5.0695581734495665,52.35991942182671,1522.2230015343598,0
120.54437469662915,3.044649458061155,60.51881661260889,1506.4734493892458,0
93.26111637026227,4.620405159654581,47.41892194464102,1483.399519484197,0
107.65652363652018,4.947277347367177,47.3962615927775,1460.666680012538,0
85.67299092468615,5.6014994826079505,55.339272465757695,1471.9475558234744,0
109.86900293377565,6.170019123045183,47.53286261499532,1544.0277903187489,0
92.86528961955354,5.9388392101630645,40.25908119756673,1771.4890374489837,0
103.78983768559407,5.8017635358820066,54.32265914910412,1491.5650526358952,1
97.7810863348221,4.069903955251018,53.624565817621445,1522.6461084385594,1
103.63531696541317,4.760667144079637,52.103665515784655,1533.876542617307,1
86.540593110195,6.119997942699559,54.44178292954044,1352.530441031867,0
98.67641013964284,4.562664644445659,51.34847814086856,1658.0814705613307,1
99.56751237956293,4.9792454440514735,49.429587335171426,1473.1745925629573,1
111.53280041223212,6.4316326624458355,50.91766941621171,1552.948585439886,0
111.09002021458313,4.35405876314352,54.47941585919091,1528.8321988752118,0
109.49717236199713,6.628074072146236,52.096831352913085,1460.3213296807721,1
107.45326110693466,4.054621677472339,48.88395962197271,1375.026132206882,1
110.74309645168849,5.651477484150183,43.18434227078916,1514.7133713759151,1
95.12546252077821,5.052300185581054,41.42871930320883,1525.4121836021513,1
92.99387391488322,5.042114526949247,43.879427135809145,1315.6881108737994,1
88.11633840900222,3.1636390040305944,50.64380880602505,1627.4036121939564,1
93.28207515470598,6.498093994007802,52.91835023774775,1500.4428133973256,0
109.72502821449703,4.90107804699567,41.829539978535955,1522.7150932437378,0
100.39394245955717,4.174377012752968,50.10498419276835,1590.0822360568143,1
89.39916036054598,3.063222458754569,48.10289864290498,1671.992094082094,0
103.36343628980457,5.3338677665157945,45.4413817127744,1570.5755143954161,1
126.0071858166204,3.9743940245436034,57.2220182012855,1277.8754840504416,1
117.27220711982616,4.990794360064078,56.740600312456145,1451.6216607299655,0
102.749262956295,5.565564180388751,49.412770842215394,1462.2656565528928,1
91.16081342315867,5.135346187688858,52.28339199519469,1508.1952560665654,0
91.08981901700572,5.124568995997567,49.71241316820746,1597.0995170463084,0
95.35569900489612,3.107757382239793,52.05411773028166,1461.1498460995113,1
86.5165627963713,6.303156576473531,48.65631260554727,1395.3712690147618,1
99.8128490412592,2.782044688760046,54.57295571049582,1564.4332649810833,1
110.01291358210604,5.655453460019466,49.65424041922382,1516.3711197267007,1
116.09305894979484,4.399605440325937,40.55686111866015,1360.199184200751,1
105.7348957685102,6.154134433491853,56.6550544917036,1416.6302634986628,1
111.78519568940581,4.586631283579284,48.467562141152975,1689.7542737893607,1
105.53510791614433,5.28759896052802,48.176113706020146,1533.013095881031,0
96.46140356248343,6.1927432892060486,47.1893764502224,1633.0519054385363,0
117.12346773856159,5.64507801547788,41.58542861763037,1512.34127931157,1
95.0579186254819,4.0899425159587075,53.36200159261788,1636.958402413339,1
107.60861677785427,4.426541213191332,50.229525630682275,1438.7370131046991,1
104.11190175001816,5.112111705091036,46.41026572817572,1546.2795692164227,1
117.57316524936087,5.0253729533918365,43.62089791845805,1519.775845466792,1
94.90323429735267,5.690550990124753,50.61510601167348,1467.525056873401,1
96.53838804751312,2.9491135849948114,60.76728211839364,1366.5791561587425,0
92.6930595842645,4.859024918698032,57.0398019727906,1516.337979533035,0
104.27343170154734,4.481103371226616,44.7854445020734,1528.5549191853588,1
103.78211720268442,4.008973767744479,48.17309812100432,1490.6369772925902,0
106.53478175242,4.8375742755207645,48.26431446614288,1511.9044347872848,1
95.09213078728305,4.820780362253463,44.705891967893955,1504.5695636504008,1
90.62505755087535,5.853054150073808,52.839168584194624,1498.3942724100796,1
105.05079763624141,5.11172338475264,42.69341714553259,1632.6098710902681,0
104.49057613906021,5.2858729365110415,54.82949494848214,1543.2524005779587,0
113.65393139383643,4.849484773544061,50.61446808417887,1386.9316623943516,1
101.30744508381476,5.182675615871026,50.87787812612031,1459.9580304144115,1
108.72375900307576,2.803726236823746,47.53221799358443,1545.7739461498024,0
103.850361323423,3.98379091674927,53.906083882398605,1403.0581465627881,0
120.9010151807201,4.441829914181698,57.759752532925326,1454.8169285694603,0
86.23492049959529,4.522270751297067,51.30038465777339,1432.0877601200295,1
91.60849909277579,4.327627248380401,48.0412779975499,1355.1018152849983,1
107.75283982580731,5.959433427773199,59.22938512545008,1567.3923496448624,1
92.1562107311978,6.083949669215954,56.12336969419038,1513.8044010258645,1
90.1028550027088,4.5915589418388425,48.920940648783485,1692.475295186282,0
95.21601795522695,5.613555491200939,41.962577469056555,1597.9380714671026,0
101.43555966197164,3.519646367295686,53.80741531622799,1491.8469296706603,1
101.64761082468327,5.060845483242833,46.56180694223829,1676.784603276651,0
108.37057879788847,5.168111880356586,45.291133422531544,1590.4833230826298,1
93.22089623439223,5.139631168558742,42.43497412737837,1503.9794362966986,1
110.24918870976306,5.281839344666095,54.20024254872157,1627.5164791704867,0
116.27211903171076,7.440385521408793,57.19754482958911,1440.2777628273345,0
99.77067260262484,5.539759755862533,46.88729278874178,1640.2364062997672,0
116.01307331509716,3.5087053138548434,40.59647710397154,1726.502444089004,0
114.18591217109254,6.971807554918499,52.9380606355581,1543.1248088129935,0
90.87927445340526,5.424868247320028,51.915897180457165,1543.9798830508248,1
98.2292517648958,5.267450505589469,51.37025519809539,1437.9139017497062,0
99.20753785033416,3.8096814598351294,47.69618092708777,1349.3990860334056,0
101.74329494849785,5.4639199845822315,53.74745890083218,1579.0432083985293,0
92.04886171093145,4.063797032792303,59.352916866279955,1476.9985122112428,1
102.09661618596652,5.101075166594421,49.57361885913033,1424.3372242118453,0
110.20880240551901,3.9524889735933826,42.501386266494016,1461.2587764204936,1
109.81510353922224,5.083579827419019,49.88704520729647,1468.7267127795208,1
97.79855053970778,4.843715158006378,42.77212931484674,1576.386990016696,0
95.19465649059043,6.223709013825309,41.05386538812089,1432.077706475914,0
93.42042197091672,7.286557118453823,47.56650176681842,1593.0473917342151,0
81.803151895544,3.821422170353156,51.94592635086588,1563.2104544419346,1
105.22764265973453,5.4479749187170246,44.66826190654546,1417.497411106884,0
94.15612208478076,4.667831190187345,54.4065477866671,1582.2690463994227,0
95.65858713201231,4.667007590429768,54.32935054607989,1419.1537394298725,1
89.4439250376131,6.002561235529396,51.25961571401719,1557.3802386851412,0
92.06079114892108,6.13110048183143,50.27042802101758,1488.722440496846,1
111.36908308539242,5.336359219903629,41.660279017956604,1391.104901562257,0
101.96006775628591,5.350707010294198,56.28109239565074,1385.5098176206714,1
108.01243834413762,3.051346188355231,49.50924206815347,1644.5069379090487,0
89.12874128241039,4.462226749858502,45.013796261489524,1334.5366745394053,0
115.62310696032861,6.790238404405936,52.10360326870231,1501.5899686594,0
89.98985423729113,6.292430151000982,53.44822436881777,1509.4428626292195,1
103.32141572819081,7.099296382093765,43.94610866426269,1616.463590083848,1
102.1583657972571,4.868911818799019,51.00094420145091,1449.8641035934102,0
94.29250673614372,3.0694463170605055,50.201687907728726,1446.4981513792225,1
98.97724457646083,5.718903782071122,43.75802534879175,1617.8302565823737,0
113.00625784250373,4.134790345592389,50.6535470235248,1614.9930465521243,0
97.18421502807416,2.63261942591175,49.28780199683175,1609.5334681847096,0
111.38803434451131,4.70421129356533,37.13143147997611,1532.4318220347752,0
95.6431761200415,5.065250479049819,51.77138346929637,1478.212220630604,0
104.5638486602362,7.639890703424219,57.25211529394884,1607.3459818993706,1
114.57709181269881,4.45121639716787,49.49451023780115,1412.5485953792884,0
104.84438889869432,4.021966298116696,49.42656969700366,1397.1353009455793,1
98.3499803864648,3.6883529471283696,50.490558346954835,1391.6868125551798,0
103.09409580638446,3.3644003001404914,48.691510855622695,1625.5084279625528,0
106.20555201307555,5.602331487350725,55.66468599752156,1502.4557535316708,1
105.23490884439929,5.508246470600478,43.14481764333959,1461.823445876203,0
96.57330980645953,4.712743814370656,50.85664427944853,1490.0294891677058,1
103.37016513153294,5.4897043122415035,50.81533194485306,1366.4869427340495,1
91.75635781991843,4.421117750034651,52.969564152500055,1220.6069674530554,0
107.47627152781057,5.554855404430521,52.53327189917347,1410.1201156784405,1
107.32457440394525,4.337872191603528,52.8528905953168,1359.862542471983,1
95.74779852492344,5.939455343381855,46.26590950571169,1569.0760334793056,1
96.26900409270915,4.778475870098775,50.71468203783912,1436.498469958341,0
81.39861015738629,2.6970643424170166,57.086239198306764,1341.5193354608116,0
109.06037875192955,4.183907171727363,46.63744584911387,1508.0198854964844,1
107.76257641745188,5.86917620813819,57.75546913199021,1330.9129957819955,0
115.23434653073879,6.305827952455313,45.96521113341703,1523.6621443284248,1
101.02943375262264,4.411851616630255,43.63038320957493,1546.4416949812353,1
102.03978926983126,4.116155849579281,46.76311203148459,1425.1625586852554,0
96.01249542027796,5.5865278981023865,57.31754206722074,1583.000752198118,0
106.07909898170894,3.713786959186809,56.69205530126443,1336.6952823815338,1
102.29633898948816,4.838087149169365,51.04708899970778,1634.9990897064517,0
109.59454317667628,5.728160053157049,47.75862958255911,1382.3339982601556,1
94.5592360753131,5.583886949808826,47.548500442042325,1474.391618633662,0
97.36033451780366,5.23002520362779,52.82332916010204,1243.0704765850624,1
89.62279062471006,5.469477005650721,53.018695597408005,1434.274286746276,1
95.51901025984043,6.388116538761821,46.34784132913032,1483.181443484111,1
100.64397327919471,4.86757602378266,47.325331567509636,1552.8099852514015,0
91.18585248743082,3.495254938900735,49.98454164075638,1566.8834277771145,0
78.14285814005822,4.690132826531886,47.24212580124689,1468.7816590396583,1
89.61483080546812,5.0425980545893045,47.0905171062227,1549.085674033035,0
97.2757047986424,4.918014838507173,48.95229241448177,1436.087147744488,0
90.99669321532402,6.711404739812072,42.71129122983865,1595.7761175911135,0
109.53473623092528,4.8451483828708115,46.34926405093306,1649.4263779629619,0
108.8854671707878,5.028638617409063,46.340525253742776,1486.3438054173814,1
112.42555450323242,5.560188778296551,44.787936378019324,1497.744377016116,0
103.9763298720954,4.410387234309494,50.96101240158731,1583.0525977951345,0
103.37098119188562,3.665776791643017,46.637557813154814,1521.340946796289,0
99.30752902100497,5.2406975411248755,50.222619016111246,1340.0571895606288,0
87.16467718973584,6.5486605892242284,42.41249820347074,1454.387584081627,0
98.21341918834167,5.253001365435024,42.681909591837986,1401.303595982026,0
112.83418226339393,4.23552559746191,45.86263775079218,1514.4181562849149,1
109.1640185169531,4.348202092279124,49.77360743547085,1515.9791211927318,0
118.84794949957083,5.557580218219356,53.02183959920996,1504.7824945495067,1
93.14383757173911,5.953352609550754,50.193090259755444,1695.7364612933134,1
100.2756061584412,4.727439770766489,50.79239615198735,1353.7881018634623,0
84.48776106733487,4.877486635246135,45.99727311404173,1283.717535188268,1
104.23093910830798,3.8131929636763315,47.565657150454044,1524.129168434908,0
86.62973974283676,3.617324846262421,50.99580653802675,1481.4129552635866,0
117.51390996126608,5.045729551959071,46.614217960168965,1604.2639959754426,0
113.06172605656067,4.43795250938028,50.52328148459038,1619.9518520428041,1
94.61924766968909,4.822971587291837,50.8433848834419,1326.9962513459934,0
112.85005184969154,5.278521655238508,54.86425677370059,1514.5990949622426,0
83.69987523127281,5.607623916483158,43.99243532145385,1411.0604306133607,1
107.95133036894612,6.897000154971537,49.7457442320757,1565.0745547252588,0
112.88178917692282,3.702582638260558,58.96497403994835,1601.7324965622693,0
101.21598052715453,4.938329647734834,60.35116389503911,1454.040246586157,0
96.8274274898586,5.946423097427335,57.201610322492364,1401.2677204535623,0
107.05899219340627,5.105231854891513,44.51358531816593,1582.9111252415946,1
123.70743180682948,4.266038463762368,62.631936081174345,1506.8482319771763,1
95.64641585883808,1.4978740743946637,45.75625835741811,1439.1143105983526,1
99.75342553988003,4.38828725701918,46.747835875133966,1533.8219328153123,1
122.59347517206447,5.276422197324432,46.67360536704469,1445.5173325661426,0
90.56133940344954,5.426750696931787,43.708847601062686,1258.002980050796,1
110.47593071548128,3.783989328559441,47.998278865141096,1564.9571768178425,1
81.63926372800732,5.787176141329559,55.3971090324816,1542.4720809047822,1
92.7510223335508,4.63408819264284,45.48352843730483,1506.5658672878355,0
89.10838120022501,4.571812619521778,55.103817165833576,1382.7911330954664,1
92.03602764046803,4.757595573022367,51.719960705209665,1284.3479925049974,0
99.91007249174011,4.939243591254137,49.85579801269476,1649.4447023808618,0
92.97309422303971,5.988573249499814,53.83665956598016,1419.1272264727281,0
83.77524193496711,4.9871955701287005,44.31107410470867,1475.450579941069,1
99.29098233451614,4.347592003510905,48.78436934070037,1371.910627341662,1
112.84738003280223,5.281615584835065,59.29619989877874,1583.915545201415,0
112.89689408100341,4.221406914650318,49.238016253722215,1507.1215910915896,0
103.15366886232675,3.9531426256541056,43.41709598210606,1319.9327482868523,0
99.3772160142884,3.1489174666647104,52.922397293445876,1454.9055361210424,1
88.97606451437633,4.599364523176604,56.85798917122662,1657.0172700083554,0
102.53427265812581,4.824302592199051,53.541858538109224,1338.6192166871995,1
122.41836555477046,5.66366935769852,53.78831214630418,1353.1395224096273,1
95.483617609157,6.483979122937023,48.81218174553122,1532.441577422434,0
104.09110154473004,4.051944366413281,42.75414104409598,1485.7195070599632,1
89.94729023736883,4.181938678178061,46.55618331654068,1649.0698982538763,0
101.3889807293119,4.813860920210117,56.92253537348944,1493.3707763430066,0
88.70967144417702,5.245218135487522,45.570186563037325,1616.2792984862344,1
104.10461399180349,5.0056605332424935,35.90794081990221,1614.0544367298721,0
101.21112451634939,5.310370025951942,48.3179198686915,1538.26196343028,1
98.63795976799885,4.765370365870552,49.62036418611104,1432.4856817668042,1
92.90376777017087,4.643751064953973,45.082709799637094,1390.8904581493796,1
104.13301953890395,4.825312721931494,48.90160270000066,1629.5301001093026,1
86.60660130027668,4.2544495485072495,47.401091325312,1666.3771934642095,0
78.26151956901747,3.5153826102839174,46.97895728848066,1346.7623005532919,0
107.61817305350202,4.647982513589265,53.39655221220365,1530.644307585076,0
108.82651853505328,5.171031603030713,56.14594856147099,1499.8997636615188,1
96.39132693292211,4.5712097204509226,49.155388296815254,1480.974539335558,0
104.64751489718893,5.734946872815273,56.20341888754604,1445.4098813656594,1
98.40952639453045,3.86248457589123,51.873540050556585,1515.578133308632,1
88.82981922813023,4.328278076022552,41.909629686290856,1348.8601871304709,0
110.03138750383832,5.7842545475220595,57.209869048098774,1563.8613093600654,0
115.85909878288348,5.15537897202843,51.688327731421055,1577.0423523173356,0
112.28136539094936,3.5560384282808286,39.078758972473516,1710.4223829026357,1
102.47613101524185,4.672014908730028,45.28485134413898,1574.013198651126,0
99.92426768092817,4.050771970071355,51.75966004318945,1543.99673819832,1
110.97927272205249,6.78829265094404,47.94181337675146,1506.866418513387,0
82.16042231031699,4.564471689581037,45.26813748473164,1637.8180191646695,0
83.91830168206974,5.20364671633723,36.884114296298605,1425.642620811422,0
109.04088231560382,5.703899119146338,50.01694564823721,1593.0668311160828,1
101.45239525895826,5.828864790717805,52.06472861984182,1468.6214653053942,0
112.54281444462606,4.72402772523069,46.37615970597881,1597.0400010020192,1
90.44654294811474,5.393319774507002,48.52641972675628,1649.8233202280621,1
94.15076753210784,3.698619559671336,47.04791548023865,1541.566358307792,0
108.26458915352562,7.181088222659141,49.02870301569509,1366.103465135607,1
99.08056914597535,3.117933724122212,55.94593871339448,1716.8229478647252,1
100.04275882292869,6.298555751044511,57.550079118355384,1485.5432523532318,1
109.02761195890152,5.536339193418075,52.88437440523036,1323.6821059311965,1
94.69763302934717,4.96404084260664,48.55413759231286,1375.9920093247806,0
90.44816555385911,6.7665488994927765,52.747295057704534,1469.6010739425608,1
110.06359646253773,5.709688162270872,48.71991201366556,1575.361402540141,1
102.31029636502089,5.896702617694906,49.21918276433753,1522.6880739656572,1
119.23275312852599,5.135500135797471,61.59050232639856,1518.1481060862327,1
104.95744556761419,3.67380281225818,48.6664542415133,1377.6154958829213,0
99.92859959462255,5.22625840646139,56.336056911377185,1361.3511264168246,0
103.48263946627725,4.981584450447711,48.38166027388004,1576.4379875578686,1
86.94544962398209,4.246038820536463,44.490811942540695,1454.0202094510798,1
85.45091603357058,5.838538915520028,53.18745248695519,1480.1754673645332,0
101.0205129151409,6.2492261831965,53.80968793940096,1395.9957494080572,1
98.07321270738248,4.56063541990413,48.30894580324249,1426.5614267290723,0
97.71379297090319,5.782396222564123,52.42626190801915,1270.7166706848775,0
98.35945478388763,5.401279118200927,54.5711995434963,1586.9452130792251,0
110.16887127697268,5.416971982622259,56.80522458849937,1336.2535860586581,0
99.45286798090196,5.4740970806187566,52.88718346079253,1437.174787404196,0
99.07855347769932,5.973290413524411,57.196823465134194,1467.086326014342,1
92.89423199932571,4.445532556262594,50.572575595973944,1386.5638921661614,1
103.51850616768868,5.952924711658058,42.742248221271794,1562.6295876322222,0
99.36701581307327,5.446425762165636,49.2843314903248,1531.3762379597647,1
81.51223072702803,5.257447137920858,46.60401718190558,1529.2623206027276,1
115.58608887821025,4.710139550528416,60.1357336487611,1568.499451048743,0
110.2314953154346,5.533189806509764,54.47629374878068,1643.7752042104123,1
98.69974315051971,5.268277555366942,46.14738073469662,1414.4568399671339,1
106.59351059891824,6.7474798114434655,54.961292911844225,1431.2974655547362,1
95.57200089233534,4.812061575911446,44.96458174344283,1401.6102010003617,1
118.24044444016046,4.404686762249124,44.248115075369256,1619.915361341618,0
99.99471582401549,3.6056942557953127,49.40117509216632,1541.2835975341259,1
113.47928657170776,6.033011836176524,53.401712310398494,1463.4495176594273,1
99.46828339160244,4.655335410658655,49.674842656796834,1520.7847028629792,1
98.09944459511202,5.340489435186149,58.069441205814414,1505.7473382460446,0
111.77261057689876,4.868749129548117,55.608908549464914,1535.5183255199483,1
89.80416759399623,4.7251979125715975,57.443481637099765,1739.1438479056173,1
96.36285833622496,3.6400695534099508,52.55546278942784,1542.202557298264,1
97.21920963331533,5.724045767124401,48.4152955461034,1621.311460598356,1
94.46756277173023,4.970641327773153,48.879951884383466,1717.322287064313,1
90.61024257233159,4.681867013842941,53.878228985703714,1413.0262689535996,1
106.66906231454689,6.23019766865037,58.53341005307888,1540.1877579123345,1
83.05909413576208,3.3608155289285477,40.684591423221285,1509.437049542311,0
94.21569111253683,5.486078100306146,46.74976353532445,1440.420789678848,0
104.77333214291795,4.819370463009189,48.975138425246755,1535.1271883996335,0
103.72782415091037,7.038245482696807,49.20102432618804,1446.8904462176743,0
95.68057812188043,2.832864773248353,45.3708968245077,1531.3047108253775,0
83.91851599349246,5.3388168406018215,46.80723760153239,1416.2511792973726,1
92.74396574032936,5.881691794624041,48.136811050017414,1513.2772948677996,0
109.92063596144288,3.70333869888632,53.27417256474197,1606.918793383093,1
78.09820436468308,4.485992993629649,52.090091128106295,1631.4036838191391,0
85.79862218196867,4.926839634307775,54.71368723301959,1496.860578933672,1
105.66435488503572,4.786107029036044,49.653548345220386,1434.69973123004,0
91.32840862914055,6.029299229649296,42.071421483935566,1438.0930875369722,1
107.21719294306882,6.441863518388175,49.741638595005824,1348.8553386228195,1
111.74327349773627,4.1393474907894285,49.95228039500567,1498.3832630231116,1
102.16620680846184,4.346137637613449,46.922742290676226,1548.2894330764727,0
104.06478284998714,4.2985480677691905,46.231357640349806,1410.896477444584,1
102.10680297338132,3.6649027706833843,56.04135249777751,1405.0417027905928,0
96.64760742115888,5.757685303526916,48.751365159375396,1582.4048720647916,0
118.2137868732187,6.078991412780273,59.38639261209312,1613.3572542388397,0
101.13206027115609,4.586952696668137,51.8722085686056,1472.4965592523008,1
91.48403035615941,4.3420122137311,48.82683479087421,1295.1233312336362,1
109.332878112435,4.6101208151934765,45.201607899118216,1490.2393388699413,1
91.19452861886296,5.115795110299898,52.84074019980019,1595.4482099585982,0
112.52542833524927,7.138221873208024,55.56139878288387,1635.6831824425412,1
105.76670149675945,5.012000835652439,42.707208607691015,1525.8756593455007,0
101.51558249399109,4.70694013097273,41.20626929492258,1541.3297216494773,0
101.7832728598554,7.001217378090713,48.52660391947569,1289.8823748869888,1
76.60121121764543,5.2661629503146,59.49982232311103,1346.1047402585648,1
102.3222828679693,4.620142118667491,53.16565874657343,1393.7892223690367,1
101.68543798521877,5.652239264412423,47.15136612454622,1549.5367415478086,0
111.43613443135928,4.852306903796007,53.90102472559215,1481.3302171810365,0
114.65854112652988,3.200596359818034,42.882606267510965,1536.9696847342782,1
103.82157255653748,4.109348303147706,45.03038947157257,1606.5928487869658,0
100.06816419495625,3.4578866526581855,46.13720100719653,1500.3621963317164,0
94.4648959996646,5.2386454404990275,57.98277369331444,1547.722633095741,1
89.3576259774653,6.002495320787945,51.68212727162049,1564.8930454747497,0
92.51836159083602,4.760203702368868,55.18538040894019,1552.4792556176963,0
104.88340393367041,5.213689488988557,56.35196657283363,1529.1520224320764,0
97.41456274043834,5.822307181021784,43.21285043115928,1495.5417384887594,1
87.08467337090967,3.401192648361472,44.18839881471513,1565.480131022242,1
96.11134784033113,6.310671811757059,41.03442906713353,1433.264032814437,1
116.69142633624476,4.5701853495693685,52.16048330286242,1584.4774327504274,0
102.06796094036639,2.8809901210465014,51.05507798191325,1407.561192319955,1
103.88041926529213,4.314745114448653,48.275772400843984,1502.8492503879431,1
111.51901162252118,4.376852865826164,48.40343865751277,1536.8462685706493,0
97.70800866091353,6.095596697482373,54.43245985539764,1359.7485936867183,1
79.7597269018739,3.6177991197121875,49.208335786890764,1612.8213545656408,1
100.55782740196322,4.678631315918319,45.165418452234974,1501.8916073243413,0
101.56464500352675,5.9814424492822855,45.88750906651611,1362.332847240187,1
91.56477431877528,6.63379767625983,48.5178740192946,1392.381744061503,1
99.76420647126223,5.1381027532665975,48.587762674317325,1476.8504082016814,0
96.3399136421679,4.120861150330061,54.338757314625546,1526.3581273106345,1
92.64152892968127,4.302849626491463,53.214879250896814,1577.5162677357125,0
99.57227968403703,3.678863510541798,45.75991043864645,1510.364585856586,0
112.3285387115751,5.039360313551886,54.91688825545234,1413.9434816414007,0
89.63749474586672,4.827634801187276,50.43915481470993,1642.5139632643907,0
115.4226338801608,4.005668348315487,45.88497040787332,1320.452029787988,0
93.89570747646414,5.270286563293486,48.9096943349336,1594.704931424455,1
109.76837981602958,3.809540868943804,48.28257309658126,1522.5914576466664,0
102.62950926687384,6.356963817866793,49.980928531950156,1492.1865994847738,1
98.9078351269782,5.367917110990396,48.42933288060441,1595.4076808081575,1
104.51357561477175,4.828423602421673,50.46385777831419,1511.359708024515,0
104.62351889816605,3.8424179354609667,51.115183684992594,1454.5775984280372,0
84.79061572601566,7.73364485691009,53.25252129498466,1391.0939386908817,1
93.53908590144817,5.735961835940147,53.10774997267083,1547.8569336067612,0
109.66121620624472,5.3940376354186705,51.668564648295934,1482.2307798216207,1
107.95981474886149,5.47455977362737,50.046749619855866,1465.283565464982,0
100.99799346147748,5.060993360313192,48.533666238174455,1531.1706842894423,0
96.83925288384562,6.679807569194477,50.32137373138289,1347.869493831857,0
97.09605955015063,3.951007165771676,45.14331301711832,1533.0432033682225,0
115.49693534289985,3.222794724936679,43.0195965980944,1529.2018301044643,1
92.60755699707401,6.483546227674572,53.85568015279482,1516.0819179516418,1
99.0607093679076,6.05785827869122,42.02455292113233,1663.2918216249514,1
100.72890125274677,5.257198718033889,56.93316319497073,1414.7845069124598,1
100.13152134577489,4.675903592481912,50.748504104176725,1459.9464209590644,1
91.11951292232486,3.733866164569184,49.406716193052134,1295.4079221539466,0
95.29337499906562,4.1647002673113755,50.55459531758103,1307.6440447550185,1
102.46896521911673,4.4817522212661585,44.138244737578724,1506.2336522717374,1
110.0104232062385,4.274329953511674,51.15072186846234,1358.7054435307361,0
87.42743941029337,4.68778037717969,46.82168339543597,1435.4640935579253,1
89.94821269466526,5.334067773147959,42.82298952911943,1500.0968077535547,1
98.57765176339537,3.7023481313281126,60.13775441785345,1429.3144412973325,0
108.45077038248806,4.221224730371333,49.79820120816913,1638.8759037889588,1
95.3266281644473,5.134645362070733,46.423947922076024,1502.2734379907404,0
96.10126334505608,4.7778800919748114,59.96707014852568,1381.4104712586645,1
102.75093827991395,6.420152644467393,52.52251509282591,1526.4523865307772,1
80.04606402193727,5.35486701471311,56.145016052532185,1513.329640283057,0
88.2719124057783,4.854356739051714,54.46355403620379,1379.4262700675781,0
99.91587876036449,4.348098662380794,45.51552543975463,1254.9756037307009,1
96.46955207644837,6.208326919023227,52.047243285407504,1594.2199402023716,0
106.21554146694277,5.9226089986903165,48.51900656094173,1314.5713295667426,1
100.82269277432653,5.507706890126754,51.75073177557845,1466.4093399447213,1
113.17805641065789,5.020196179956966,40.738099908746484,1335.366842548425,1
93.27551451140226,4.9460921909837365,58.62048254615537,1556.321093834527,1
92.31252159295069,2.6082123898394407,39.71578046355515,1649.3555152229105,0
83.57675288465984,6.735592996369989,53.67502650663377,1526.245336674214,1
102.06327864067731,5.822120595515745,48.932938294394035,1526.7625308076324,0
88.55715854827969,5.291193344780581,53.64303214329718,1649.0014689170612,0
107.32435375034069,6.208778072568,48.503564833395245,1461.6026841366145,1
96.73725024845407,3.6962562931844034,42.02108836487088,1386.0433917632065,0
95.4886937069877,5.456570002387162,49.826970718710015,1309.7095447161557,1
101.42760194823678,4.9205505355127,46.89886806345709,1373.8098601508923,1
104.07686046733613,4.392441809729177,48.62252912411189,1415.1388766415546,0
100.91941660761046,6.362891872023301,48.27375291189878,1536.323267501848,1
88.76211661574408,4.786298191852229,46.256027165358695,1567.0310002943002,1
93.54837595500472,5.43881730268765,43.25133872434298,1690.9243827409225,1
108.93210166653644,5.542687056706132,52.40588564355004,1416.2460564608953,1
105.97196996309994,4.145941623659553,49.3383578869953,1577.399567358876,0
96.20227633165449,5.36700777316018,51.71696351849735,1607.729802242357,1
91.96244299737006,6.0961677229139575,43.846884400816606,1443.8617607926114,1
111.6802490089974,4.405593041935472,57.44054502473408,1540.0575914286806,1
87.22090287498213,5.049595010929642,49.21388996970924,1432.918914291612,0
98.03396849842044,3.6342071662133737,46.28030728868097,1471.7880209516388,0
91.34506567202638,4.12782512212071,46.71131148330536,1429.0518323280799,0
109.92077890028455,3.7970169294012113,50.41665651564147,1398.8243441201078,1
95.01124772058549,5.065454119446747,58.30610744545055,1586.8842456275434,0
96.79817672072066,6.390646294321355,43.69477972600084,1489.6011429833177,1
101.96429221331624,4.382906501666139,61.21912939541794,1648.2191043665186,0
95.8197656465257,6.140313742877524,48.30243870111758,1515.990356952387,1
106.76863621533424,4.024309973716162,53.46778482557262,1604.817012555488,0
100.5401308537733,5.5647106941182845,45.15572405875695,1550.7370489702,0
85.41702120362973,4.173392565378727,50.57356088729602,1471.514521948475,0
97.57552962825737,4.57047602858613,60.89060580493657,1419.566931430491,0
103.4121896467073,4.4580592486905575,43.54364284485929,1518.736126058716,1
106.54738308109378,5.696053529034101,50.97077596648739,1606.4104105729855,1
112.06619719266514,3.773255765044842,51.358661890950295,1582.0904367796504,1
107.81640824759563,4.0916702432116,50.17067460737037,1371.7438497168396,0
102.21399103524033,5.097213531026069,38.784370969882346,1572.6287803628181,0
104.35899937532464,4.511787813184098,45.3030919760096,1524.4894151419592,0
97.16192545311223,5.897450869772443,54.02996622930989,1390.4655381340924,1
109.39892241545355,5.493391734462074,44.57441331538723,1660.1218845527615,0
104.23521359152058,3.7335998818550937,49.59894062581677,1479.26627956888,0
101.11621105782764,3.736489209897555,64.32744569728011,1501.4100883337771,1
101.57625564280742,6.92745407435147,51.966889560944985,1520.2685236236885,0
101.54404768786348,6.18694786897733,52.866532140237965,1535.2778745200671,0
94.38954689534316,5.078672752131442,53.375572727797625,1584.9575361819464,1
90.5654349132429,4.502067285527573,53.70321056159838,1376.5224178800563,1
95.61481526138765,3.3796462856420337,51.6758812321771,1475.2706770864368,0
110.79023068490982,5.347913825733012,54.75583769175289,1706.1819323100158,1
93.98147250996699,6.052679660386081,53.019542804689394,1529.654337140895,0
103.62115555262967,3.734066785164008,53.77621515574884,1575.4337575263673,1
117.27280529073556,6.251059879825349,38.89692016081379,1363.0939448332272,1
109.42714966731303,4.388334036078028,49.99421814342468,1630.4675543854396,0
112.42494498228999,4.650764108325406,55.78219187289187,1518.987587481528,1
102.62926564641546,3.743844619293281,55.695662542933114,1444.8450925386417,0
116.11631703254523,5.558170275151554,54.85367420287018,1657.6866195532803,1
85.50874573907089,4.883952283786651,50.019964929627264,1525.9609212247462,1
83.32570643401046,5.804214169281155,51.42981409011049,1344.2683341302886,0
93.9106444874624,3.5709589041555727,51.27062184182492,1442.5101198981693,0
99.58101078024751,5.738636306487022,43.00570983293626,1522.6965955449941,1
108.10969160720907,5.1370325496367455,51.48659031459983,1432.0088157677112,1
97.38074731267815,4.555298718258434,52.49231751364827,1482.819137999321,0
94.11966843367244,2.689724532424063,52.649159888303394,1280.0053931947473,0
113.72317368364138,5.667885352030952,49.72682465506355,1503.4537875864792,0
107.12045124730156,4.44158853146432,52.468124986762234,1588.3846093405257,1
107.87809996686258,3.351291045588267,53.05309756374601,1384.7571675402778,1
97.6110193495526,3.38992296616485,51.429025970380074,1670.142289838948,1
119.99565667658601,6.196028305191093,54.119031134518245,1533.933135901316,1
101.99790722840845,3.978191276172583,54.6129725559975,1587.85496851083,1
95.46996176656492,5.642514622792626,47.91588336722366,1631.8465828203084,1
90.23207517650967,3.0930357471339294,45.36873239905864,1369.2149432765943,0
116.75700490777143,4.912519771381556,49.44239679917088,1510.7818939396936,1
110.27067028943918,5.532761200924823,48.03837903164764,1416.2580457031966,1
92.96742686515303,4.816873510296584,53.69185009087603,1632.5889967982005,0
78.19551571384298,5.718667563824228,49.55439892368437,1595.5613387331318,0
91.6211891545711,5.339608124013786,48.9372317330159,1520.2784974650174,0
98.24266903088318,4.333714043724253,52.92121371017764,1593.6039137695693,1
92.03669982586737,6.119272037112577,52.99947187904682,1543.0414814800204,1
87.09612013158257,4.700297614664877,51.43425969337116,1377.3574457737295,0
113.76646456339452,5.365067698574287,46.744237655698065,1440.8756315323303,0
113.55160797395314,4.282970775234157,46.44222180948347,1624.3761922975375,0
91.40852762016979,6.722041639541989,50.233482550827524,1552.6624680698726,1
105.73749538977863,4.903411478135283,53.42281106923218,1619.5958230952833,1
88.49818328393354,5.622135298126486,55.644288355800875,1525.3340907797033,1
104.21644605461627,6.101387849873033,48.35388337624905,1556.863480985891,1
98.833083206693,2.3556054585221604,51.56307397253955,1444.4567210367288,1
108.21189744898878,5.148155059920721,48.71909453561903,1521.9624909158345,1
103.86340468554893,5.435153218805648,51.26917876789237,1471.7282720967326,0
97.19291864993741,4.6863887198199405,47.38641296220079,1406.5608564069203,1
106.20545817796008,4.827111506966918,49.84775231611515,1611.8450584807422,1
91.86285784546683,2.4434110901415065,40.20262469368093,1454.4229541174122,0
96.82802611379654,5.331833964543656,42.41691770123736,1514.0666110731045,1
109.82496357081064,4.477994793026722,54.42915200247185,1559.3956259870793,1
106.93261308413204,5.826029679078381,55.113404415852315,1478.7435701229817,1
112.33626883642381,4.325445644726529,50.6955750156911,1589.3238689960767,0
103.70989160238891,5.812665893272193,49.316663096283946,1585.4319565989742,0
93.35290645835126,5.56336711825471,49.1567101554356,1518.038535117243,1
93.38057308271198,5.562116964881312,48.54181028587003,1524.662673937742,0
90.66402026477776,3.9874962035414123,47.12565938255816,1622.346301265251,0
90.43470086809158,2.932992770969485,50.807770396904445,1493.0194687182118,1
89.9364565803757,7.032298713188113,50.29648067786061,1586.6513101735543,1
109.01384770940994,5.408881634859008,56.10725329879158,1692.2622055286784,0
97.79365246301792,3.8195239031944412,53.54712999413339,1670.610575691879,1
93.41947217155375,5.794368173593004,49.99177546291472,1446.4226129413673,1
114.35298656307047,4.525773999067193,60.14764543586297,1437.8707618958883,1
93.77714999966143,5.821447402489653,43.70193440165251,1588.8332056898357,0
85.48219199488597,5.366551551685458,57.126968440941035,1662.6162763870489,0
100.78778601985924,5.290682808038339,52.29209724165863,1516.9105771136415,0
102.52581093013323,5.6066036019123136,48.90169179355781,1436.5185627203914,1
101.18243697930728,7.50620207191111,46.56297126670963,1623.7147675390668,1
124.15858127151961,4.173997508307625,50.47223091016633,1598.3997607323724,1
86.27020161090313,6.106629323575284,52.32376443970632,1582.9396487602496,0
110.63464448401696,5.142632601121445,51.790792472873676,1580.0397120907517,1
101.91664408911424,2.7886279575552724,47.13715395075951,1691.8354928156114,1
106.49872384352746,4.105735292229497,49.522667321419505,1515.2226000544251,0
109.18598983327969,5.07976672619203,54.333726927550956,1370.7653647318768,1
105.01961545262225,7.275332781169625,47.607783884786144,1516.4128380458899,0
76.98674030300313,4.802737209049459,53.51038305934911,1437.925021923636,1
108.75418432103886,4.374075033108131,46.336211377456515,1375.3770204196253,0
105.47874636724,3.366744592570968,51.959686529316656,1480.068020610973,0
91.20736835177695,4.899543371006492,50.13534325286706,1487.5334680273315,1
119.4393539223924,4.939791908603089,48.85552181090817,1428.3808283155172,0
82.16697980777535,4.203896312285572,50.0846291071444,1514.1757244238452,0
107.67221471456233,4.529605826803075,58.629835875652525,1594.7670240987827,0
78.3930003566342,6.3983526272232485,54.8939888183019,1575.5565543517948,1
105.88192327948101,5.212645168367097,48.20829857232612,1486.8501190708325,1
96.04992108230928,5.123700398451778,59.455757652712606,1597.692580345887,0
104.61086903830056,6.9572771656356736,49.57016979047586,1467.7130314280053,0
95.30705639215687,4.5444787845060155,50.562929663338025,1518.5546261059508,1
101.63934269807305,4.416960874760592,59.716668923735234,1541.8077383557527,1
116.24178646265067,5.9948412691524195,52.489625912038,1473.3181660168627,0
98.02358223441325,4.11339909329004,51.7868002060624,1495.4707645879814,1
103.01252971552535,3.8447058146927118,36.67732620034451,1564.7116593193714,1
116.66193835836559,6.35484408393507,52.957225635653266,1598.9554993262545,1
95.14226068231139,3.986676167592838,40.20187258580417,1549.1355729995587,1
97.64345646443509,4.498121641306203,57.911813992026104,1498.5492018856723,1
86.77099313746632,5.16595512421236,49.942961088089085,1508.6307267763934,0
82.2176059342867,2.770100285135765,46.96746608209928,1549.226012211923,0
103.52557071663026,4.478898749673054,59.75799873154903,1413.3493745834746,0
101.38286503840784,5.932649993763997,50.80185300608409,1468.4368910671578,1
91.77933052647707,5.2677502867767725,44.76270590449966,1484.6505212542081,1
106.53278884961709,5.242163665586409,43.6089734957229,1615.8868237438573,1
92.6674231027307,4.492573987796545,45.852257874113555,1667.065325609178,0
118.98726964302061,4.260218768342856,49.91780817984285,1625.6267783710443,0
91.3119757096851,4.202611919842686,51.884202556387905,1498.235679847378,1
127.3545538903269,4.667026527533715,58.013365351464465,1411.7585299798457,1
119.37247132015207,4.8453734510351145,40.680065671981986,1553.46119785215,0
86.01294571523468,5.563482157667963,46.21448581070976,1397.1481647881283,0
105.76411721464447,5.043482326613043,43.351674160127324,1595.367037307582,0
93.72318956465641,3.7472043286016827,52.44643581008083,1504.9734388374454,0
98.35393969832191,3.2755081853430363,46.76566143923961,1545.9044972715058,1
80.17427312800535,5.206640498860803,44.11869028859081,1510.1288918431496,0
112.58810582170996,5.8536779426229,49.20053626257084,1622.3034895184996,0
98.65795595406195,4.0065522620045595,56.958957386925995,1364.2811648649274,0
130.94023957826423,5.459771165328207,53.897229641449286,1476.689744367906,0
105.83708268169028,3.7229397881404194,50.21869578182182,1502.6221472279901,0
84.38772129340362,5.193661406359613,53.65970678257113,1311.1263199096334,0
107.47993851957827,5.125191778751447,53.09230056331766,1629.2614155571036,0
104.33876013422109,5.599976988006753,49.57624375556425,1456.6170714441944,0
108.96005225187426,3.406606220773222,46.673036899336644,1245.6867936437425,1
80.36937234956706,5.905828088819449,39.32104514642407,1433.8578599381788,0
103.17268773271647,6.237108799412859,62.603519264900285,1618.2524867839586,1
101.90535613295725,4.9617391047334385,49.73694891346318,1438.9318159609434,1
99.64851543209959,3.0089018419158045,51.587841947129384,1394.1716472314804,1
103.73344096617726,5.466205558049327,50.41861582328347,1402.1300300694047,0
107.8487160524112,4.7863362681747095,47.75451071439597,1353.5092781185358,0
106.75945961568083,5.498396125614985,56.67948049606374,1457.660310132707,1
